place,image_url
Bali--Indonesia,https://images.unsplash.com/photo-1510797215324-95aa89f43c33?
New-Orleans,https://images.unsplash.com/photo-1568693059993-a239b9cd4957?
Kerry--Ireland,https://images.unsplash.com/photo-1505216128104-44f34619861f?
Marrakesh--Morocco,https://images.unsplash.com/photo-1517820880872-a008906947aa?
Sydney,https://images.unsplash.com/photo-1506973035872-a4ec16b8e8d9?
The-Maldives,https://images.unsplash.com/photo-1523632117739-12cc7fa95ad0?
Paris--France,https://images.unsplash.com/photo-1470470558828-e00ad9dbbc13?
Cape-Town--South-Africa,https://images.unsplash.com/photo-1465142057343-f150cb12d870?
Dubai--U.A.E.,https://images.unsplash.com/photo-1555520268-da08c3c2336a?
Bora-Bora--French-Polynesia,https://images.unsplash.com/photo-1518232856719-965606427a8a?
New-York,https://images.unsplash.com/photo-1534430480872-3498386e7856?
Dubrovnik--Croatia,https://images.unsplash.com/photo-1533331639-74f1863c7b3c?
Edinburgh--Scotland,https://images.unsplash.com/photo-1565011231598-66c1ec39b72c?
Rome--Italy,https://images.unsplash.com/photo-1529154036614-a60975f5c760?
Paro-Valley--Bhutan,https://images.unsplash.com/photo-1579611554253-fcee61e1e5a8?
Jaipur--India,https://images.unsplash.com/photo-1534758219538-5aea19df751e?
Waikato--New-Zealand,https://images.unsplash.com/photo-1496614188836-6f8d5eb39e50?
Havana--Cuba,https://images.unsplash.com/photo-1517498396154-b58893485a1b?
Tokyo--Japan,https://images.unsplash.com/photo-1503899036084-c55cdd92da26?
Antarctica,https://images.unsplash.com/photo-1493329025335-18542a61595f?
Vancouver--Canada,https://images.unsplash.com/photo-1554321585-ef3194b190cd?
Los-Angeles,https://images.unsplash.com/photo-1515896769750-31548aa180ed?
Kruger-National-Park--South-Africa,https://images.unsplash.com/photo-1586041247337-cbf8401140d4?
Santorini--Greece,https://images.unsplash.com/photo-1491955524898-bdbdb5668abb?
Moscow--Russia,https://images.unsplash.com/photo-1516144935500-ecacf0e53552?
Singapore,https://images.unsplash.com/flagged/photo-1562503542-2a1e6f03b16b?
London--England,https://images.unsplash.com/photo-1500907123263-5fbac0ea295c?
Rio-de-Janeiro--Brazil,https://images.unsplash.com/photo-1527154341204-319eeba2d06e?
Petra--Jordan,https://images.unsplash.com/photo-1504765863531-de3980d06137?
Hong-Kong,https://images.unsplash.com/photo-1536599018102-9f803c140fc1?
Barbabos,
Amsterdam,https://images.unsplash.com/photo-1512470876302-972faa2aa9a4?
Santiago--Chile,https://images.unsplash.com/photo-1560405374-1cbca907889b?
Cairo--Egypt,https://images.unsplash.com/photo-1572252009286-268acec5ca0a?
Copenhagen--Denmark,https://images.unsplash.com/photo-1517490406687-7339e4a7d792?
Seoul--Korea,https://images.unsplash.com/photo-1535189043414-47a3c49a0bed?
Laucala-Island-Resort--Fiji,https://images.unsplash.com/photo-1588932588492-fbd4e798bbcb?
Providencia--Colombia,https://images.unsplash.com/photo-1580253046571-be2ed96a7c0e?
Machu-Picchu--Peru,https://images.unsplash.com/photo-1531065208531-4036c0dba3ca?
Virunga-National-Park--Democratic-Republic-of-Congo,https://images.unsplash.com/photo-1561577631-6f59205a97d7?
Lisbon--Portugal,https://images.unsplash.com/photo-1536663815808-535e2280d2c2?
Hanoi--Vietnam,https://images.unsplash.com/photo-1509813685-e7f0e4eaf3ee?
Hawaii,https://images.unsplash.com/photo-1509610696553-9243c1e230f0?
Ibiza--Spain,https://images.unsplash.com/photo-1529604459495-a25df094aee3?
Beijing--China,https://images.unsplash.com/photo-1540818730887-a0a907b8dbc7?
Budapest--Hungary,https://images.unsplash.com/photo-1523043476906-af334d259bb7?
Cinque-Terre--Italy,https://images.unsplash.com/photo-1534445867742-43195f401b6c?
Buenos-Aires--Argentina,https://images.unsplash.com/photo-1493837417577-baec364a53eb?
Las-Vegas,https://images.unsplash.com/photo-1508768022758-cb7384c00335?
Matterhorn--Switzerland,https://images.unsplash.com/photo-1540637170921-4fb2f7fc48de?
